,,,,,,,Daily Price Arrival Report-07-11-2025 to 08-02-2026 for Gujarat,,,,,,
State,District,Market,Commodity Group,Commodity,Variety,Grade,Min Price,Max Price,Modal Price,Price Unit,Arrival Quantity,Arrival Unit,Arrival Date
Gujarat,Ahmedabad,Mandal APMC,Spices,Ajwan,Ajwan,Local,"6,500.00","12,000.00","9,500.00",Rs./Quintal,2.80,Metric Tonnes,30-12-2025
Gujarat,Ahmedabad,Mandal APMC,Spices,Ajwan,Ajwan,Local,"6,505.00","14,005.00","11,500.00",Rs./Quintal,1.50,Metric Tonnes,30-11-2025
Gujarat,Ahmedabad,Mandal APMC,Spices,Ajwan,Ajwan,Local,"6,505.00","14,005.00","11,500.00",Rs./Quintal,2.70,Metric Tonnes,28-11-2025
Gujarat,Ahmedabad,Mandal APMC,Spices,Ajwan,Ajwan,Local,"8,505.00","15,495.00","12,000.00",Rs./Quintal,5.50,Metric Tonnes,27-11-2025
Gujarat,Ahmedabad,Mandal APMC,Spices,Ajwan,Ajwan,Local,"6,255.00","15,030.00","12,000.00",Rs./Quintal,5.50,Metric Tonnes,26-11-2025
Gujarat,Ahmedabad,Mandal APMC,Spices,Ajwan,Ajwan,Local,"6,005.00","14,255.00","11,500.00",Rs./Quintal,11.00,Metric Tonnes,25-11-2025
Gujarat,Ahmedabad,Mandal APMC,Spices,Ajwan,Ajwan,Local,"7,005.00","16,010.00","12,000.00",Rs./Quintal,6.60,Metric Tonnes,24-11-2025
Gujarat,Ahmedabad,Mandal APMC,Spices,Ajwan,Ajwan,Local,"6,255.00","15,525.00","11,500.00",Rs./Quintal,4.10,Metric Tonnes,23-11-2025
Gujarat,Ahmedabad,Mandal APMC,Spices,Ajwan,Ajwan,Local,"6,250.00","17,855.00","11,700.00",Rs./Quintal,13.80,Metric Tonnes,21-11-2025
Gujarat,Ahmedabad,Mandal APMC,Spices,Ajwan,Ajwan,Local,"6,250.00","16,755.00","11,500.00",Rs./Quintal,5.50,Metric Tonnes,20-11-2025
Gujarat,Ahmedabad,Mandal APMC,Spices,Ajwan,Ajwan,Local,"6,505.00","13,950.00","11,500.00",Rs./Quintal,4.10,Metric Tonnes,19-11-2025
Gujarat,Ahmedabad,Mandal APMC,Spices,Ajwan,Ajwan,Local,"5,505.00","13,310.00","10,000.00",Rs./Quintal,2.80,Metric Tonnes,18-12-2025
Gujarat,Ahmedabad,Mandal APMC,Spices,Ajwan,Ajwan,Local,"6,255.00","16,400.00","11,500.00",Rs./Quintal,13.80,Metric Tonnes,18-11-2025
Gujarat,Ahmedabad,Mandal APMC,Spices,Ajwan,Ajwan,Local,"6,505.00","12,505.00","10,500.00",Rs./Quintal,1.10,Metric Tonnes,17-12-2025
Gujarat,Ahmedabad,Mandal APMC,Spices,Ajwan,Ajwan,Local,"6,125.00","16,125.00","11,500.00",Rs./Quintal,6.10,Metric Tonnes,17-11-2025
Gujarat,Ahmedabad,Mandal APMC,Spices,Ajwan,Ajwan,Local,"6,005.00","13,255.00","11,000.00",Rs./Quintal,2.80,Metric Tonnes,16-11-2025
Gujarat,Ahmedabad,Mandal APMC,Spices,Ajwan,Ajwan,Local,"6,505.00","13,505.00","11,000.00",Rs./Quintal,2.00,Metric Tonnes,15-12-2025
Gujarat,Ahmedabad,Mandal APMC,Spices,Ajwan,Ajwan,Local,"6,005.00","15,025.00","11,500.00",Rs./Quintal,3.90,Metric Tonnes,14-11-2025
Gujarat,Ahmedabad,Mandal APMC,Spices,Ajwan,Ajwan,Local,"6,005.00","14,125.00","11,000.00",Rs./Quintal,5.50,Metric Tonnes,13-11-2025
Gujarat,Ahmedabad,Mandal APMC,Spices,Ajwan,Ajwan,Local,"6,005.00","13,250.00","11,000.00",Rs./Quintal,11.00,Metric Tonnes,12-11-2025
Gujarat,Ahmedabad,Mandal APMC,Spices,Ajwan,Ajwan,Local,"6,255.00","14,000.00","11,000.00",Rs./Quintal,13.80,Metric Tonnes,11-11-2025
Gujarat,Ahmedabad,Mandal APMC,Spices,Ajwan,Ajwan,Local,"6,375.00","14,005.00","11,000.00",Rs./Quintal,12.40,Metric Tonnes,10-11-2025
Gujarat,Ahmedabad,Mandal APMC,Spices,Ajwan,Ajwan,Local,"6,505.00","12,855.00","11,200.00",Rs./Quintal,1.50,Metric Tonnes,09-12-2025
Gujarat,Ahmedabad,Mandal APMC,Spices,Ajwan,Ajwan,Grade Range-1,"6,005.00","14,310.00","11,000.00",Rs./Quintal,13.80,Metric Tonnes,09-11-2025
Gujarat,Ahmedabad,Mandal APMC,Spices,Ajwan,Ajwan,Local,"6,750.00","14,255.00","11,500.00",Rs./Quintal,4.10,Metric Tonnes,08-12-2025
Gujarat,Ahmedabad,Mandal APMC,Spices,Ajwan,Ajwan,Local,"6,755.00","13,650.00","9,500.00",Rs./Quintal,2.20,Metric Tonnes,08-01-2026
Gujarat,Ahmedabad,Mandal APMC,Spices,Ajwan,Ajwan,Grade Range-1,"6,505.00","16,605.00","11,000.00",Rs./Quintal,30.20,Metric Tonnes,07-11-2025
Gujarat,Ahmedabad,Mandal APMC,Spices,Ajwan,Ajwan,Local,"7,000.00","15,500.00","11,500.00",Rs./Quintal,2.50,Metric Tonnes,05-12-2025
Gujarat,Ahmedabad,Mandal APMC,Spices,Ajwan,Ajwan,Local,"8,505.00","15,605.00","12,000.00",Rs./Quintal,3.90,Metric Tonnes,04-12-2025
Gujarat,Ahmedabad,Mandal APMC,Spices,Ajwan,Ajwan,Local,"7,505.00","14,400.00","11,500.00",Rs./Quintal,7.50,Metric Tonnes,03-12-2025
Gujarat,Ahmedabad,Mandal APMC,Spices,Ajwan,Ajwan,Local,"6,505.00","14,705.00","11,500.00",Rs./Quintal,1.00,Metric Tonnes,02-12-2025
Gujarat,Ahmedabad,Mandal APMC,Spices,Ajwan,Ajwan,Local,"6,255.00","14,355.00","11,000.00",Rs./Quintal,2.20,Metric Tonnes,02-01-2026
Gujarat,Ahmedabad,Mandal APMC,Spices,Ajwan,Ajwan,Local,"6,505.00","14,375.00","11,500.00",Rs./Quintal,2.00,Metric Tonnes,01-12-2025
Gujarat,Amreli,Amreli APMC,Spices,Ajwan,Ajwan,FAQ,"7,500.00","7,500.00","7,500.00",Rs./Quintal,0.10,Metric Tonnes,21-01-2026
Gujarat,Amreli,Amreli APMC,Spices,Ajwan,Ajwan,FAQ,"8,150.00","12,500.00","10,750.00",Rs./Quintal,1.00,Metric Tonnes,15-12-2025
Gujarat,Amreli,Amreli APMC,Spices,Ajwan,Ajwan,FAQ,"8,500.00","8,500.00","8,500.00",Rs./Quintal,0.10,Metric Tonnes,11-12-2025
Gujarat,Amreli,Amreli APMC,Spices,Ajwan,Ajwan,FAQ,"6,925.00","6,925.00","6,925.00",Rs./Quintal,1.60,Metric Tonnes,11-11-2025
Gujarat,Amreli,Amreli APMC,Spices,Ajwan,Ajwan,FAQ,"11,375.00","12,700.00","12,700.00",Rs./Quintal,0.10,Metric Tonnes,09-12-2025
Gujarat,Amreli,Amreli APMC,Spices,Ajwan,Ajwan,FAQ,"7,500.00","14,000.00","12,075.00",Rs./Quintal,0.60,Metric Tonnes,05-02-2026
Gujarat,Amreli,Amreli APMC,Spices,Ajwan,Ajwan,FAQ,"6,975.00","8,000.00","8,000.00",Rs./Quintal,0.10,Metric Tonnes,05-01-2026
Gujarat,Amreli,Amreli APMC,Spices,Ajwan,Ajwan,FAQ,"8,150.00","12,300.00","10,500.00",Rs./Quintal,0.20,Metric Tonnes,04-02-2026
Gujarat,Amreli,Amreli APMC,Spices,Ajwan,Ajwan,FAQ,"9,000.00","10,750.00","10,750.00",Rs./Quintal,0.10,Metric Tonnes,02-12-2025
Gujarat,Banaskanth,Dhanera APMC,Spices,Ajwan,Other,Local,"8,555.00","8,555.00","8,555.00",Rs./Quintal,0.50,Metric Tonnes,13-12-2025
Gujarat,Banaskanth,Dhanera APMC,Spices,Ajwan,Other,Local,"8,975.00","8,975.00","8,975.00",Rs./Quintal,0.10,Metric Tonnes,11-12-2025
Gujarat,Banaskanth,Dhanera APMC,Spices,Ajwan,Other,FAQ,"6,955.00","6,955.00","6,955.00",Rs./Quintal,0.44,Metric Tonnes,11-11-2025
Gujarat,Banaskanth,Dhanera APMC,Spices,Ajwan,Other,Local,"7,500.00","7,500.00","7,500.00",Rs./Quintal,0.28,Metric Tonnes,10-11-2025
Gujarat,Banaskanth,Dhanera APMC,Spices,Ajwan,Other,Local,"8,495.00","8,495.00","8,495.00",Rs./Quintal,0.11,Metric Tonnes,06-12-2025
Gujarat,Banaskanth,Tharad APMC,Spices,Ajwan,Other,Local,"7,000.00","11,500.00","9,250.00",Rs./Quintal,1.90,Metric Tonnes,13-11-2025
Gujarat,Jamnagar,Jamnagar APMC,Spices,Ajwan,Other,Grade Range-3,"9,000.00","23,025.00","13,725.00",Rs./Quintal,30.60,Metric Tonnes,31-12-2025
Gujarat,Jamnagar,Jamnagar APMC,Spices,Ajwan,Other,Local,"7,500.00","30,250.00","19,325.00",Rs./Quintal,68.60,Metric Tonnes,31-01-2026
Gujarat,Jamnagar,Jamnagar APMC,Spices,Ajwan,Other,Local,"7,500.00","19,175.00","14,325.00",Rs./Quintal,43.20,Metric Tonnes,30-12-2025
Gujarat,Jamnagar,Jamnagar APMC,Spices,Ajwan,Other,Local,"7,500.00","18,900.00","13,725.00",Rs./Quintal,28.50,Metric Tonnes,29-12-2025
Gujarat,Jamnagar,Jamnagar APMC,Spices,Ajwan,Other,Local,"6,850.00","12,650.00","11,225.00",Rs./Quintal,16.90,Metric Tonnes,29-11-2025
Gujarat,Jamnagar,Jamnagar APMC,Spices,Ajwan,Other,Local,"10,500.00","30,500.00","21,725.00",Rs./Quintal,75.80,Metric Tonnes,29-01-2026
Gujarat,Jamnagar,Jamnagar APMC,Spices,Ajwan,Other,Local,"5,500.00","15,950.00","11,825.00",Rs./Quintal,29.70,Metric Tonnes,28-11-2025
Gujarat,Jamnagar,Jamnagar APMC,Spices,Ajwan,Other,Local,"6,250.00","30,000.00","19,325.00",Rs./Quintal,802.50,Metric Tonnes,28-01-2026
Gujarat,Jamnagar,Jamnagar APMC,Spices,Ajwan,Other,Local,"7,500.00","17,775.00","13,825.00",Rs./Quintal,23.10,Metric Tonnes,27-12-2025
Gujarat,Jamnagar,Jamnagar APMC,Spices,Ajwan,Other,Local,"5,500.00","17,750.00","12,925.00",Rs./Quintal,17.60,Metric Tonnes,27-11-2025
Gujarat,Jamnagar,Jamnagar APMC,Spices,Ajwan,Other,Local,"9,500.00","28,875.00","20,325.00",Rs./Quintal,74.30,Metric Tonnes,27-01-2026
Gujarat,Jamnagar,Jamnagar APMC,Spices,Ajwan,Other,Local,"6,150.00","17,000.00","13,225.00",Rs./Quintal,52.00,Metric Tonnes,26-12-2025
Gujarat,Jamnagar,Jamnagar APMC,Spices,Ajwan,Other,Local,"6,000.00","16,525.00","11,825.00",Rs./Quintal,9.50,Metric Tonnes,26-11-2025
Gujarat,Jamnagar,Jamnagar APMC,Spices,Ajwan,Other,Local,"6,000.00","15,000.00","13,225.00",Rs./Quintal,5.60,Metric Tonnes,25-11-2025
Gujarat,Jamnagar,Jamnagar APMC,Spices,Ajwan,Other,Local,"7,125.00","18,250.00","13,375.00",Rs./Quintal,36.50,Metric Tonnes,24-12-2025
Gujarat,Jamnagar,Jamnagar APMC,Spices,Ajwan,Other,Local,"6,000.00","17,500.00","12,875.00",Rs./Quintal,31.30,Metric Tonnes,24-11-2025
Gujarat,Jamnagar,Jamnagar APMC,Spices,Ajwan,Other,Local,"6,625.00","19,500.00","11,725.00",Rs./Quintal,35.20,Metric Tonnes,23-12-2025
Gujarat,Jamnagar,Jamnagar APMC,Spices,Ajwan,Other,Local,"6,500.00","26,000.00","17,355.00",Rs./Quintal,781.00,Metric Tonnes,23-01-2026
Gujarat,Jamnagar,Jamnagar APMC,Spices,Ajwan,Other,Local,"7,500.00","17,500.00","14,125.00",Rs./Quintal,30.20,Metric Tonnes,22-12-2025
Gujarat,Jamnagar,Jamnagar APMC,Spices,Ajwan,Other,Local,"5,000.00","15,600.00","13,125.00",Rs./Quintal,14.00,Metric Tonnes,22-11-2025
Gujarat,Jamnagar,Jamnagar APMC,Spices,Ajwan,Other,Local,"7,500.00","31,000.00","18,525.00",Rs./Quintal,81.30,Metric Tonnes,22-01-2026
Gujarat,Jamnagar,Jamnagar APMC,Spices,Ajwan,Other,Local,"7,000.00","15,000.00","12,925.00",Rs./Quintal,20.60,Metric Tonnes,21-11-2025
Gujarat,Jamnagar,Jamnagar APMC,Spices,Ajwan,Other,Local,"8,000.00","27,650.00","17,925.00",Rs./Quintal,94.90,Metric Tonnes,21-01-2026
Gujarat,Jamnagar,Jamnagar APMC,Spices,Ajwan,Other,Local,"7,500.00","14,025.00","13,230.00",Rs./Quintal,17.30,Metric Tonnes,20-12-2025
Gujarat,Jamnagar,Jamnagar APMC,Spices,Ajwan,Other,Local,"7,125.00","14,000.00","12,125.00",Rs./Quintal,14.20,Metric Tonnes,20-11-2025
Gujarat,Jamnagar,Jamnagar APMC,Spices,Ajwan,Other,Local,"9,700.00","25,500.00","17,325.00",Rs./Quintal,70.40,Metric Tonnes,20-01-2026
Gujarat,Jamnagar,Jamnagar APMC,Spices,Ajwan,Other,Local,"7,500.00","18,000.00","12,925.00",Rs./Quintal,13.60,Metric Tonnes,19-12-2025
Gujarat,Jamnagar,Jamnagar APMC,Spices,Ajwan,Other,Local,"7,250.00","16,025.00","12,230.00",Rs./Quintal,24.30,Metric Tonnes,19-11-2025
Gujarat,Jamnagar,Jamnagar APMC,Spices,Ajwan,Other,Local,"8,500.00","27,525.00","18,325.00",Rs./Quintal,55.80,Metric Tonnes,19-01-2026
Gujarat,Jamnagar,Jamnagar APMC,Spices,Ajwan,Other,Local,"7,000.00","15,500.00","12,925.00",Rs./Quintal,44.80,Metric Tonnes,18-12-2025
Gujarat,Jamnagar,Jamnagar APMC,Spices,Ajwan,Other,Local,"6,500.00","12,750.00","10,325.00",Rs./Quintal,19.60,Metric Tonnes,18-11-2025
Gujarat,Jamnagar,Jamnagar APMC,Spices,Ajwan,Other,Local,"7,500.00","16,500.00","13,525.00",Rs./Quintal,45.60,Metric Tonnes,17-12-2025
Gujarat,Jamnagar,Jamnagar APMC,Spices,Ajwan,Other,Local,"7,500.00","14,950.00","12,325.00",Rs./Quintal,30.50,Metric Tonnes,17-11-2025
Gujarat,Jamnagar,Jamnagar APMC,Spices,Ajwan,Other,Local,"8,250.00","27,500.00","17,325.00",Rs./Quintal,47.40,Metric Tonnes,17-01-2026
Gujarat,Jamnagar,Jamnagar APMC,Spices,Ajwan,Other,Local,"7,500.00","16,800.00","13,725.00",Rs./Quintal,43.90,Metric Tonnes,16-12-2025
Gujarat,Jamnagar,Jamnagar APMC,Spices,Ajwan,Other,Local,"6,000.00","24,000.00","16,125.00",Rs./Quintal,81.30,Metric Tonnes,16-01-2026
Gujarat,Jamnagar,Jamnagar APMC,Spices,Ajwan,Other,Local,"7,500.00","16,750.00","13,125.00",Rs./Quintal,24.40,Metric Tonnes,15-12-2025
Gujarat,Jamnagar,Jamnagar APMC,Spices,Ajwan,Other,Local,"6,000.00","16,500.00","12,375.00",Rs./Quintal,17.50,Metric Tonnes,15-11-2025
Gujarat,Jamnagar,Jamnagar APMC,Spices,Ajwan,Other,Local,"7,000.00","22,500.00","15,325.00",Rs./Quintal,54.10,Metric Tonnes,15-01-2026
Gujarat,Jamnagar,Jamnagar APMC,Spices,Ajwan,Other,Local,"7,750.00","16,300.00","12,925.00",Rs./Quintal,16.40,Metric Tonnes,13-12-2025
Gujarat,Jamnagar,Jamnagar APMC,Spices,Ajwan,Other,Local,"5,000.00","16,775.00","11,725.00",Rs./Quintal,38.70,Metric Tonnes,13-11-2025
Gujarat,Jamnagar,Jamnagar APMC,Spices,Ajwan,Other,Local,"7,000.00","21,350.00","15,325.00",Rs./Quintal,39.50,Metric Tonnes,13-01-2026
Gujarat,Jamnagar,Jamnagar APMC,Spices,Ajwan,Other,Local,"7,500.00","13,750.00","11,180.00",Rs./Quintal,13.80,Metric Tonnes,12-12-2025
Gujarat,Jamnagar,Jamnagar APMC,Spices,Ajwan,Other,Local,"6,000.00","11,725.00","9,925.00",Rs./Quintal,20.90,Metric Tonnes,12-11-2025
Gujarat,Jamnagar,Jamnagar APMC,Spices,Ajwan,Other,Local,"7,500.00","22,675.00","15,825.00",Rs./Quintal,34.40,Metric Tonnes,12-01-2026
Gujarat,Jamnagar,Jamnagar APMC,Spices,Ajwan,Other,Local,"6,500.00","15,200.00","11,325.00",Rs./Quintal,25.90,Metric Tonnes,11-12-2025
Gujarat,Jamnagar,Jamnagar APMC,Spices,Ajwan,Other,Local,"7,000.00","15,650.00","12,675.00",Rs./Quintal,23.40,Metric Tonnes,11-11-2025
Gujarat,Jamnagar,Jamnagar APMC,Spices,Ajwan,Other,Local,"7,500.00","13,525.00","11,925.00",Rs./Quintal,10.30,Metric Tonnes,10-12-2025
Gujarat,Jamnagar,Jamnagar APMC,Spices,Ajwan,Other,Local,"6,350.00","16,075.00","14,525.00",Rs./Quintal,28.90,Metric Tonnes,10-11-2025
Gujarat,Jamnagar,Jamnagar APMC,Spices,Ajwan,Other,Local,"7,000.00","17,100.00","12,665.00",Rs./Quintal,33.90,Metric Tonnes,09-12-2025
Gujarat,Jamnagar,Jamnagar APMC,Spices,Ajwan,Other,Local,"6,425.00","13,800.00","10,225.00",Rs./Quintal,13.90,Metric Tonnes,08-12-2025
Gujarat,Jamnagar,Jamnagar APMC,Spices,Ajwan,Other,Local,"6,500.00","22,625.00","14,925.00",Rs./Quintal,33.70,Metric Tonnes,08-01-2026
Gujarat,Jamnagar,Jamnagar APMC,Spices,Ajwan,Other,Local,"9,000.00","21,850.00","14,985.00",Rs./Quintal,36.00,Metric Tonnes,07-01-2026
Gujarat,Jamnagar,Jamnagar APMC,Spices,Ajwan,Other,Local,"8,250.00","16,100.00","12,775.00",Rs./Quintal,18.00,Metric Tonnes,06-12-2025
Gujarat,Jamnagar,Jamnagar APMC,Spices,Ajwan,Other,Local,"7,500.00","25,500.00","17,925.00",Rs./Quintal,53.00,Metric Tonnes,06-02-2026
Gujarat,Jamnagar,Jamnagar APMC,Spices,Ajwan,Other,Local,"5,650.00","19,800.00","13,825.00",Rs./Quintal,40.90,Metric Tonnes,06-01-2026
Gujarat,Jamnagar,Jamnagar APMC,Spices,Ajwan,Other,Local,"6,500.00","17,500.00","12,925.00",Rs./Quintal,13.20,Metric Tonnes,05-12-2025
Gujarat,Jamnagar,Jamnagar APMC,Spices,Ajwan,Other,Local,"8,900.00","28,500.00","19,375.00",Rs./Quintal,75.50,Metric Tonnes,05-02-2026
Gujarat,Jamnagar,Jamnagar APMC,Spices,Ajwan,Other,Local,"5,000.00","19,425.00","14,325.00",Rs./Quintal,25.60,Metric Tonnes,05-01-2026
Gujarat,Jamnagar,Jamnagar APMC,Spices,Ajwan,Other,Local,"7,500.00","12,250.00","10,795.00",Rs./Quintal,16.20,Metric Tonnes,04-12-2025
Gujarat,Jamnagar,Jamnagar APMC,Spices,Ajwan,Other,Local,"9,200.00","27,500.00","18,895.00",Rs./Quintal,60.50,Metric Tonnes,04-02-2026
Gujarat,Jamnagar,Jamnagar APMC,Spices,Ajwan,Other,Local,"7,000.00","16,325.00","13,650.00",Rs./Quintal,13.00,Metric Tonnes,03-12-2025
Gujarat,Jamnagar,Jamnagar APMC,Spices,Ajwan,Other,Local,"7,500.00","28,075.00","18,925.00",Rs./Quintal,71.50,Metric Tonnes,03-02-2026
Gujarat,Jamnagar,Jamnagar APMC,Spices,Ajwan,Other,Local,"7,100.00","23,500.00","14,725.00",Rs./Quintal,40.50,Metric Tonnes,03-01-2026
Gujarat,Jamnagar,Jamnagar APMC,Spices,Ajwan,Other,Local,"5,000.00","17,125.00","12,665.00",Rs./Quintal,43.50,Metric Tonnes,02-12-2025
Gujarat,Jamnagar,Jamnagar APMC,Spices,Ajwan,Other,Local,"9,000.00","26,625.00","18,925.00",Rs./Quintal,55.80,Metric Tonnes,02-02-2026
Gujarat,Jamnagar,Jamnagar APMC,Spices,Ajwan,Other,Local,"7,000.00","21,625.00","14,525.00",Rs./Quintal,25.30,Metric Tonnes,02-01-2026
Gujarat,Jamnagar,Jamnagar APMC,Spices,Ajwan,Other,Local,"7,000.00","14,575.00","12,525.00",Rs./Quintal,12.90,Metric Tonnes,01-12-2025
Gujarat,Jamnagar,Jamnagar APMC,Spices,Ajwan,Other,Local,"6,500.00","19,000.00","13,675.00",Rs./Quintal,31.20,Metric Tonnes,01-01-2026
Gujarat,Kachchh,Rapar APMC,Spices,Ajwan,Ajwan,Local,"6,805.00","6,805.00","6,805.00",Rs./Quintal,0.30,Metric Tonnes,20-12-2025
Gujarat,Kachchh,Rapar APMC,Spices,Ajwan,Ajwan,Local,"6,555.00","7,255.00","6,905.00",Rs./Quintal,0.10,Metric Tonnes,14-11-2025
Gujarat,Kachchh,Rapar APMC,Spices,Ajwan,Ajwan,Local,"7,000.00","7,000.00","7,000.00",Rs./Quintal,0.20,Metric Tonnes,13-11-2025
Gujarat,Kachchh,Rapar APMC,Spices,Ajwan,Ajwan,Local,"9,255.00","9,255.00","9,255.00",Rs./Quintal,0.10,Metric Tonnes,09-12-2025
Gujarat,Kachchh,Rapar APMC,Spices,Ajwan,Ajwan,Local,"8,425.00","8,425.00","8,425.00",Rs./Quintal,0.20,Metric Tonnes,08-12-2025
Gujarat,Kachchh,Rapar APMC,Spices,Ajwan,Ajwan,Local,"9,000.00","9,000.00","9,000.00",Rs./Quintal,2.50,Metric Tonnes,06-12-2025
Gujarat,Kachchh,Rapar APMC,Spices,Ajwan,Ajwan,Local,"8,655.00","8,655.00","8,655.00",Rs./Quintal,0.10,Metric Tonnes,04-12-2025
Gujarat,Kachchh,Rapar APMC,Spices,Ajwan,Ajwan,Local,"8,495.00","8,495.00","8,495.00",Rs./Quintal,0.06,Metric Tonnes,02-02-2026
Gujarat,Mehsana,Kadi APMC,Spices,Ajwan,Ajwan,FAQ,"5,175.00","8,125.00","7,500.00",Rs./Quintal,0.50,Metric Tonnes,29-12-2025
Gujarat,Mehsana,Kadi APMC,Spices,Ajwan,Ajwan,FAQ,"5,750.00","10,000.00","8,500.00",Rs./Quintal,1.60,Metric Tonnes,25-12-2025
Gujarat,Mehsana,Kadi APMC,Spices,Ajwan,Ajwan,FAQ,"7,505.00","9,205.00","8,500.00",Rs./Quintal,0.70,Metric Tonnes,25-11-2025
Gujarat,Mehsana,Kadi APMC,Spices,Ajwan,Ajwan,FAQ,"5,000.00","7,500.00","7,000.00",Rs./Quintal,0.80,Metric Tonnes,22-12-2025
Gujarat,Mehsana,Kadi APMC,Spices,Ajwan,Ajwan,FAQ,"6,500.00","10,055.00","9,000.00",Rs./Quintal,0.50,Metric Tonnes,21-11-2025
Gujarat,Mehsana,Kadi APMC,Spices,Ajwan,Ajwan,FAQ,"6,000.00","11,500.00","8,500.00",Rs./Quintal,2.50,Metric Tonnes,15-11-2025
Gujarat,Mehsana,Kadi APMC,Spices,Ajwan,Ajwan,FAQ,"7,000.00","7,705.00","7,500.00",Rs./Quintal,0.60,Metric Tonnes,14-11-2025
Gujarat,Mehsana,Kadi APMC,Spices,Ajwan,Ajwan,FAQ,"7,505.00","9,455.00","9,000.00",Rs./Quintal,2.10,Metric Tonnes,13-12-2025
Gujarat,Mehsana,Kadi APMC,Spices,Ajwan,Ajwan,FAQ,"5,505.00","9,500.00","8,700.00",Rs./Quintal,1.70,Metric Tonnes,11-11-2025
Gujarat,Mehsana,Kadi APMC,Spices,Ajwan,Ajwan,FAQ,"5,250.00","10,000.00","8,500.00",Rs./Quintal,3.50,Metric Tonnes,08-11-2025
Gujarat,Mehsana,Kadi APMC,Spices,Ajwan,Ajwan,FAQ,"6,000.00","10,125.00","9,000.00",Rs./Quintal,0.50,Metric Tonnes,06-12-2025
Gujarat,Mehsana,Unjha APMC,Spices,Ajwan,Ajwan,FAQ,"5,000.00","17,755.00","10,000.00",Rs./Quintal,11.28,Metric Tonnes,31-12-2025
Gujarat,Mehsana,Unjha APMC,Spices,Ajwan,Ajwan,FAQ,"4,525.00","17,500.00","11,000.00",Rs./Quintal,22.94,Metric Tonnes,31-01-2026
Gujarat,Mehsana,Unjha APMC,Spices,Ajwan,Ajwan,FAQ,"6,555.00","13,630.00","9,750.00",Rs./Quintal,10.02,Metric Tonnes,30-12-2025
Gujarat,Mehsana,Unjha APMC,Spices,Ajwan,Ajwan,FAQ,"4,550.00","18,065.00","11,500.00",Rs./Quintal,22.16,Metric Tonnes,30-01-2026
Gujarat,Mehsana,Unjha APMC,Spices,Ajwan,Ajwan,FAQ,"4,650.00","14,175.00","10,000.00",Rs./Quintal,16.44,Metric Tonnes,29-12-2025
Gujarat,Mehsana,Unjha APMC,Spices,Ajwan,Ajwan,FAQ,"4,525.00","15,905.00","11,250.00",Rs./Quintal,21.84,Metric Tonnes,29-01-2026
Gujarat,Mehsana,Unjha APMC,Spices,Ajwan,Ajwan,FAQ,"4,450.00","15,000.00","11,500.00",Rs./Quintal,22.39,Metric Tonnes,28-01-2026
Gujarat,Mehsana,Unjha APMC,Spices,Ajwan,Ajwan,FAQ,"4,700.00","20,090.00","9,875.00",Rs./Quintal,16.06,Metric Tonnes,27-12-2025
Gujarat,Mehsana,Unjha APMC,Spices,Ajwan,Ajwan,Local,"4,800.00","17,615.00","10,700.00",Rs./Quintal,26.96,Metric Tonnes,27-11-2025
Gujarat,Mehsana,Unjha APMC,Spices,Ajwan,Ajwan,FAQ,"4,625.00","17,000.00","12,000.00",Rs./Quintal,34.16,Metric Tonnes,27-01-2026
Gujarat,Mehsana,Unjha APMC,Spices,Ajwan,Ajwan,FAQ,"4,575.00","13,430.00","9,125.00",Rs./Quintal,11.50,Metric Tonnes,26-12-2025
Gujarat,Mehsana,Unjha APMC,Spices,Ajwan,Ajwan,Local,"5,075.00","22,175.00","10,800.00",Rs./Quintal,41.36,Metric Tonnes,26-11-2025
Gujarat,Mehsana,Unjha APMC,Spices,Ajwan,Ajwan,FAQ,"4,675.00","13,880.00","9,250.00",Rs./Quintal,11.00,Metric Tonnes,25-12-2025
Gujarat,Mehsana,Unjha APMC,Spices,Ajwan,Ajwan,Local,"5,250.00","16,265.00","10,750.00",Rs./Quintal,57.70,Metric Tonnes,25-11-2025
Gujarat,Mehsana,Unjha APMC,Spices,Ajwan,Ajwan,FAQ,"3,125.00","14,550.00","9,125.00",Rs./Quintal,21.94,Metric Tonnes,24-12-2025
Gujarat,Mehsana,Unjha APMC,Spices,Ajwan,Ajwan,Local,"5,750.00","23,500.00","11,125.00",Rs./Quintal,60.06,Metric Tonnes,24-11-2025
Gujarat,Mehsana,Unjha APMC,Spices,Ajwan,Ajwan,FAQ,"4,605.00","19,650.00","12,250.00",Rs./Quintal,34.16,Metric Tonnes,24-01-2026
Gujarat,Mehsana,Unjha APMC,Spices,Ajwan,Ajwan,FAQ,"5,500.00","12,000.00","9,250.00",Rs./Quintal,17.60,Metric Tonnes,23-12-2025
Gujarat,Mehsana,Unjha APMC,Spices,Ajwan,Ajwan,FAQ,"4,875.00","11,575.00","8,750.00",Rs./Quintal,11.00,Metric Tonnes,22-12-2025
Gujarat,Mehsana,Unjha APMC,Spices,Ajwan,Ajwan,Local,"4,500.00","14,425.00","10,400.00",Rs./Quintal,39.54,Metric Tonnes,22-11-2025
Gujarat,Mehsana,Unjha APMC,Spices,Ajwan,Ajwan,FAQ,"4,450.00","17,500.00","11,625.00",Rs./Quintal,26.62,Metric Tonnes,22-01-2026
Gujarat,Mehsana,Unjha APMC,Spices,Ajwan,Ajwan,Local,"5,050.00","17,850.00","10,500.00",Rs./Quintal,53.58,Metric Tonnes,21-11-2025
Gujarat,Mehsana,Unjha APMC,Spices,Ajwan,Ajwan,FAQ,"7,775.00","16,725.00","11,500.00",Rs./Quintal,28.28,Metric Tonnes,21-01-2026
Gujarat,Mehsana,Unjha APMC,Spices,Ajwan,Ajwan,Local,"4,900.00","12,675.00","10,250.00",Rs./Quintal,50.44,Metric Tonnes,20-11-2025
Gujarat,Mehsana,Unjha APMC,Spices,Ajwan,Ajwan,FAQ,"5,905.00","17,000.00","11,750.00",Rs./Quintal,46.20,Metric Tonnes,20-01-2026
Gujarat,Mehsana,Unjha APMC,Spices,Ajwan,Ajwan,FAQ,"4,675.00","14,005.00","9,250.00",Rs./Quintal,21.06,Metric Tonnes,19-12-2025
Gujarat,Mehsana,Unjha APMC,Spices,Ajwan,Ajwan,Local,"4,755.00","15,750.00","10,300.00",Rs./Quintal,68.48,Metric Tonnes,19-11-2025
Gujarat,Mehsana,Unjha APMC,Spices,Ajwan,Ajwan,FAQ,"4,550.00","14,000.00","11,300.00",Rs./Quintal,33.50,Metric Tonnes,19-01-2026
Gujarat,Mehsana,Unjha APMC,Spices,Ajwan,Ajwan,FAQ,"5,000.00","11,355.00","9,375.00",Rs./Quintal,20.08,Metric Tonnes,18-12-2025
Gujarat,Mehsana,Unjha APMC,Spices,Ajwan,Ajwan,Local,"5,055.00","13,530.00","10,250.00",Rs./Quintal,46.54,Metric Tonnes,18-11-2025
Gujarat,Mehsana,Unjha APMC,Spices,Ajwan,Ajwan,FAQ,"4,625.00","13,760.00","9,500.00",Rs./Quintal,13.58,Metric Tonnes,17-12-2025
Gujarat,Mehsana,Unjha APMC,Spices,Ajwan,Ajwan,Local,"5,500.00","18,505.00","10,750.00",Rs./Quintal,76.46,Metric Tonnes,17-11-2025
Gujarat,Mehsana,Unjha APMC,Spices,Ajwan,Ajwan,FAQ,"4,525.00","13,555.00","11,125.00",Rs./Quintal,14.14,Metric Tonnes,17-01-2026
Gujarat,Mehsana,Unjha APMC,Spices,Ajwan,Ajwan,FAQ,"4,725.00","12,500.00","8,850.00",Rs./Quintal,21.02,Metric Tonnes,16-12-2025
Gujarat,Mehsana,Unjha APMC,Spices,Ajwan,Ajwan,FAQ,"4,600.00","15,475.00","11,250.00",Rs./Quintal,18.20,Metric Tonnes,16-01-2026
Gujarat,Mehsana,Unjha APMC,Spices,Ajwan,Ajwan,FAQ,"4,550.00","12,755.00","9,150.00",Rs./Quintal,10.94,Metric Tonnes,15-12-2025
Gujarat,Mehsana,Unjha APMC,Spices,Ajwan,Ajwan,Local,"4,900.00","18,505.00","10,850.00",Rs./Quintal,49.34,Metric Tonnes,15-11-2025
Gujarat,Mehsana,Unjha APMC,Spices,Ajwan,Ajwan,Local,"7,375.00","8,175.00","7,875.00",Rs./Quintal,0.72,Metric Tonnes,15-01-2026
Gujarat,Mehsana,Unjha APMC,Spices,Ajwan,Ajwan,Local,"6,255.00","21,000.00","11,050.00",Rs./Quintal,59.02,Metric Tonnes,14-11-2025
Gujarat,Mehsana,Unjha APMC,Spices,Ajwan,Ajwan,FAQ,"4,650.00","12,005.00","9,125.00",Rs./Quintal,13.20,Metric Tonnes,13-12-2025
Gujarat,Mehsana,Unjha APMC,Spices,Ajwan,Ajwan,Local,"6,250.00","20,400.00","11,000.00",Rs./Quintal,71.62,Metric Tonnes,13-11-2025
Gujarat,Mehsana,Unjha APMC,Spices,Ajwan,Ajwan,FAQ,"4,500.00","11,955.00","11,075.00",Rs./Quintal,11.38,Metric Tonnes,13-01-2026
Gujarat,Mehsana,Unjha APMC,Spices,Ajwan,Ajwan,FAQ,"4,700.00","11,875.00","9,050.00",Rs./Quintal,15.46,Metric Tonnes,12-12-2025
Gujarat,Mehsana,Unjha APMC,Spices,Ajwan,Ajwan,Local,"5,000.00","17,500.00","10,625.00",Rs./Quintal,72.10,Metric Tonnes,12-11-2025
Gujarat,Mehsana,Unjha APMC,Spices,Ajwan,Ajwan,FAQ,"4,550.00","14,905.00","11,225.00",Rs./Quintal,25.68,Metric Tonnes,12-01-2026
Gujarat,Mehsana,Unjha APMC,Spices,Ajwan,Ajwan,FAQ,"4,700.00","15,550.00","9,875.00",Rs./Quintal,25.86,Metric Tonnes,11-12-2025
Gujarat,Mehsana,Unjha APMC,Spices,Ajwan,Ajwan,Local,"4,755.00","17,750.00","10,250.00",Rs./Quintal,59.74,Metric Tonnes,11-11-2025
Gujarat,Mehsana,Unjha APMC,Spices,Ajwan,Ajwan,Local,"4,750.00","11,900.00","8,950.00",Rs./Quintal,16.18,Metric Tonnes,10-12-2025
Gujarat,Mehsana,Unjha APMC,Spices,Ajwan,Ajwan,Local,"5,055.00","21,610.00","10,625.00",Rs./Quintal,53.58,Metric Tonnes,10-11-2025
Gujarat,Mehsana,Unjha APMC,Spices,Ajwan,Ajwan,Local,"4,625.00","14,355.00","11,125.00",Rs./Quintal,20.58,Metric Tonnes,10-01-2026
Gujarat,Mehsana,Unjha APMC,Spices,Ajwan,Ajwan,Local,"4,950.00","13,130.00","9,000.00",Rs./Quintal,35.64,Metric Tonnes,09-12-2025
Gujarat,Mehsana,Unjha APMC,Spices,Ajwan,Ajwan,Local,"4,625.00","15,030.00","10,750.00",Rs./Quintal,40.54,Metric Tonnes,09-01-2026
Gujarat,Mehsana,Unjha APMC,Spices,Ajwan,Ajwan,Local,"4,750.00","12,500.00","9,250.00",Rs./Quintal,27.18,Metric Tonnes,08-12-2025
Gujarat,Mehsana,Unjha APMC,Spices,Ajwan,Ajwan,Local,"4,250.00","15,080.00","10,125.00",Rs./Quintal,27.34,Metric Tonnes,08-01-2026
Gujarat,Mehsana,Unjha APMC,Spices,Ajwan,Ajwan,Local,"4,500.00","13,250.00","9,875.00",Rs./Quintal,76.34,Metric Tonnes,07-11-2025
Gujarat,Mehsana,Unjha APMC,Spices,Ajwan,Ajwan,FAQ,"5,900.00","11,500.00","8,750.00",Rs./Quintal,11.28,Metric Tonnes,07-02-2026
Gujarat,Mehsana,Unjha APMC,Spices,Ajwan,Ajwan,FAQ,"3,500.00","17,150.00","10,000.00",Rs./Quintal,20.46,Metric Tonnes,07-01-2026
Gujarat,Mehsana,Unjha APMC,Spices,Ajwan,Ajwan,FAQ,"4,800.00","12,500.00","9,750.00",Rs./Quintal,23.82,Metric Tonnes,06-12-2025
Gujarat,Mehsana,Unjha APMC,Spices,Ajwan,Ajwan,FAQ,"2,950.00","17,000.00","10,000.00",Rs./Quintal,8.20,Metric Tonnes,06-02-2026
Gujarat,Mehsana,Unjha APMC,Spices,Ajwan,Ajwan,Local,"3,175.00","14,305.00","9,375.00",Rs./Quintal,9.18,Metric Tonnes,06-01-2026
Gujarat,Mehsana,Unjha APMC,Spices,Ajwan,Ajwan,FAQ,"5,000.00","11,260.00","9,000.00",Rs./Quintal,32.28,Metric Tonnes,05-12-2025
Gujarat,Mehsana,Unjha APMC,Spices,Ajwan,Ajwan,FAQ,"2,375.00","14,200.00","10,725.00",Rs./Quintal,11.22,Metric Tonnes,05-02-2026
Gujarat,Mehsana,Unjha APMC,Spices,Ajwan,Ajwan,Local,"4,525.00","16,575.00","9,500.00",Rs./Quintal,10.40,Metric Tonnes,05-01-2026
Gujarat,Mehsana,Unjha APMC,Spices,Ajwan,Ajwan,FAQ,"5,200.00","12,900.00","9,500.00",Rs./Quintal,17.16,Metric Tonnes,04-12-2025
Gujarat,Mehsana,Unjha APMC,Spices,Ajwan,Ajwan,FAQ,"4,775.00","15,405.00","10,500.00",Rs./Quintal,11.28,Metric Tonnes,04-02-2026
Gujarat,Mehsana,Unjha APMC,Spices,Ajwan,Ajwan,FAQ,"4,750.00","16,250.00","10,625.00",Rs./Quintal,29.38,Metric Tonnes,03-12-2025
Gujarat,Mehsana,Unjha APMC,Spices,Ajwan,Ajwan,FAQ,"4,000.00","13,375.00","10,000.00",Rs./Quintal,6.66,Metric Tonnes,03-02-2026
Gujarat,Mehsana,Unjha APMC,Spices,Ajwan,Ajwan,FAQ,"4,900.00","18,250.00","10,750.00",Rs./Quintal,46.20,Metric Tonnes,02-12-2025
Gujarat,Mehsana,Unjha APMC,Spices,Ajwan,Ajwan,FAQ,"4,475.00","13,500.00","9,300.00",Rs./Quintal,18.70,Metric Tonnes,02-02-2026
Gujarat,Mehsana,Unjha APMC,Spices,Ajwan,Ajwan,FAQ,"4,575.00","15,000.00","10,250.00",Rs./Quintal,24.86,Metric Tonnes,02-01-2026
Gujarat,Mehsana,Unjha APMC,Spices,Ajwan,Ajwan,Local,"5,050.00","20,125.00","10,350.00",Rs./Quintal,25.80,Metric Tonnes,01-12-2025
Gujarat,Mehsana,Unjha APMC,Spices,Ajwan,Ajwan,FAQ,"4,675.00","14,760.00","10,750.00",Rs./Quintal,23.26,Metric Tonnes,01-01-2026
Gujarat,Mehsana,Visnagar APMC,Spices,Ajwan,Ajwan,Local,"2,000.00","10,015.00","6,007.00",Rs./Quintal,2.10,Metric Tonnes,08-11-2025
Gujarat,Morbi,APMC HALVAD,Spices,Ajwan,Ajwan,Local,"4,400.00","8,500.00","7,000.00",Rs./Quintal,1.20,Metric Tonnes,07-11-2025
Gujarat,Patan,Chansama APMC,Spices,Ajwan,Ajwan,FAQ,"6,200.00","6,200.00","6,200.00",Rs./Quintal,0.10,Metric Tonnes,29-12-2025
Gujarat,Patan,Chansama APMC,Spices,Ajwan,Ajwan,Local,"6,200.00","6,200.00","6,200.00",Rs./Quintal,0.10,Metric Tonnes,29-12-2025
Gujarat,Patan,Chansama APMC,Spices,Ajwan,Ajwan,FAQ,"2,460.00","7,680.00","5,070.00",Rs./Quintal,0.30,Metric Tonnes,22-12-2025
Gujarat,Patan,Chansama APMC,Spices,Ajwan,Ajwan,Local,"5,070.00","5,070.00","5,070.00",Rs./Quintal,0.30,Metric Tonnes,22-12-2025
Gujarat,Patan,Chansama APMC,Spices,Ajwan,Ajwan,FAQ,"3,055.00","10,555.00","6,805.00",Rs./Quintal,0.40,Metric Tonnes,09-12-2025
Gujarat,Patan,Chansama APMC,Spices,Ajwan,Ajwan,Local,"6,805.00","6,805.00","6,805.00",Rs./Quintal,0.40,Metric Tonnes,09-12-2025
Gujarat,Patan,Patan APMC,Spices,Ajwan,Other,FAQ,"5,000.00","10,630.00","10,000.00",Rs./Quintal,3.03,Metric Tonnes,31-12-2025
Gujarat,Patan,Patan APMC,Spices,Ajwan,Other,FAQ,"6,000.00","10,125.00","9,900.00",Rs./Quintal,1.27,Metric Tonnes,31-01-2026
Gujarat,Patan,Patan APMC,Spices,Ajwan,Other,FAQ,"5,000.00","9,630.00","9,500.00",Rs./Quintal,1.49,Metric Tonnes,30-01-2026
Gujarat,Patan,Patan APMC,Spices,Ajwan,Other,FAQ,"5,750.00","14,000.00","13,000.00",Rs./Quintal,17.88,Metric Tonnes,29-11-2025
Gujarat,Patan,Patan APMC,Spices,Ajwan,Other,FAQ,"4,500.00","11,125.00","10,900.00",Rs./Quintal,3.58,Metric Tonnes,29-01-2026
Gujarat,Patan,Patan APMC,Spices,Ajwan,Other,FAQ,"6,000.00","12,000.00","11,500.00",Rs./Quintal,22.55,Metric Tonnes,28-11-2025
Gujarat,Patan,Patan APMC,Spices,Ajwan,Other,FAQ,"5,500.00","12,200.00","11,000.00",Rs./Quintal,8.91,Metric Tonnes,28-01-2026
Gujarat,Patan,Patan APMC,Spices,Ajwan,Other,FAQ,"5,000.00","10,375.00","9,800.00",Rs./Quintal,6.38,Metric Tonnes,27-12-2025
Gujarat,Patan,Patan APMC,Spices,Ajwan,Other,FAQ,"6,000.00","14,005.00","13,000.00",Rs./Quintal,16.34,Metric Tonnes,27-11-2025
Gujarat,Patan,Patan APMC,Spices,Ajwan,Other,FAQ,"5,000.00","11,990.00","10,900.00",Rs./Quintal,4.95,Metric Tonnes,27-01-2026
Gujarat,Patan,Patan APMC,Spices,Ajwan,Other,FAQ,"5,000.00","12,005.00","11,725.00",Rs./Quintal,9.90,Metric Tonnes,26-12-2025
Gujarat,Patan,Patan APMC,Spices,Ajwan,Other,FAQ,"5,000.00","12,125.00","11,500.00",Rs./Quintal,18.04,Metric Tonnes,26-11-2025
Gujarat,Patan,Patan APMC,Spices,Ajwan,Other,FAQ,"4,500.00","10,625.00","10,000.00",Rs./Quintal,6.05,Metric Tonnes,25-12-2025
Gujarat,Patan,Patan APMC,Spices,Ajwan,Other,FAQ,"5,000.00","12,575.00","12,500.00",Rs./Quintal,18.04,Metric Tonnes,25-11-2025
Gujarat,Patan,Patan APMC,Spices,Ajwan,Other,FAQ,"6,000.00","16,330.00","14,500.00",Rs./Quintal,13.59,Metric Tonnes,24-12-2025
Gujarat,Patan,Patan APMC,Spices,Ajwan,Other,FAQ,"5,000.00","14,505.00","13,000.00",Rs./Quintal,22.55,Metric Tonnes,24-11-2025
Gujarat,Patan,Patan APMC,Spices,Ajwan,Other,FAQ,"5,000.00","12,000.00","11,000.00",Rs./Quintal,5.61,Metric Tonnes,24-01-2026
Gujarat,Patan,Patan APMC,Spices,Ajwan,Other,FAQ,"5,500.00","11,000.00","10,500.00",Rs./Quintal,6.05,Metric Tonnes,23-12-2025
Gujarat,Patan,Patan APMC,Spices,Ajwan,Other,FAQ,"6,050.00","11,750.00","11,600.00",Rs./Quintal,3.03,Metric Tonnes,22-12-2025
Gujarat,Patan,Patan APMC,Spices,Ajwan,Other,FAQ,"5,000.00","15,005.00","13,500.00",Rs./Quintal,20.90,Metric Tonnes,22-11-2025
Gujarat,Patan,Patan APMC,Spices,Ajwan,Other,FAQ,"5,000.00","12,725.00","12,000.00",Rs./Quintal,22.55,Metric Tonnes,21-11-2025
Gujarat,Patan,Patan APMC,Spices,Ajwan,Other,FAQ,"5,500.00","12,000.00","10,850.00",Rs./Quintal,8.75,Metric Tonnes,21-01-2026
Gujarat,Patan,Patan APMC,Spices,Ajwan,Other,FAQ,"6,000.00","13,000.00","11,800.00",Rs./Quintal,8.80,Metric Tonnes,20-12-2025
Gujarat,Patan,Patan APMC,Spices,Ajwan,Other,FAQ,"5,000.00","14,000.00","12,500.00",Rs./Quintal,26.73,Metric Tonnes,20-11-2025
Gujarat,Patan,Patan APMC,Spices,Ajwan,Other,FAQ,"5,500.00","11,060.00","10,820.00",Rs./Quintal,7.92,Metric Tonnes,20-01-2026
Gujarat,Patan,Patan APMC,Spices,Ajwan,Other,FAQ,"6,000.00","14,000.00","12,500.00",Rs./Quintal,12.16,Metric Tonnes,19-12-2025
Gujarat,Patan,Patan APMC,Spices,Ajwan,Other,FAQ,"6,000.00","12,105.00","11,500.00",Rs./Quintal,28.88,Metric Tonnes,19-11-2025
Gujarat,Patan,Patan APMC,Spices,Ajwan,Other,FAQ,"5,000.00","11,470.00","10,725.00",Rs./Quintal,6.22,Metric Tonnes,19-01-2026
Gujarat,Patan,Patan APMC,Spices,Ajwan,Other,FAQ,"5,250.00","11,260.00","11,000.00",Rs./Quintal,6.77,Metric Tonnes,18-12-2025
Gujarat,Patan,Patan APMC,Spices,Ajwan,Other,FAQ,"6,050.00","13,050.00","11,700.00",Rs./Quintal,21.23,Metric Tonnes,18-11-2025
Gujarat,Patan,Patan APMC,Spices,Ajwan,Other,FAQ,"5,250.00","12,500.00","11,800.00",Rs./Quintal,17.27,Metric Tonnes,17-12-2025
Gujarat,Patan,Patan APMC,Spices,Ajwan,Other,FAQ,"6,000.00","14,000.00","12,500.00",Rs./Quintal,23.38,Metric Tonnes,17-11-2025
Gujarat,Patan,Patan APMC,Spices,Ajwan,Other,FAQ,"4,750.00","12,750.00","11,000.00",Rs./Quintal,7.43,Metric Tonnes,17-01-2026
Gujarat,Patan,Patan APMC,Spices,Ajwan,Other,FAQ,"10,500.00","12,700.00","11,900.00",Rs./Quintal,11.06,Metric Tonnes,16-12-2025
Gujarat,Patan,Patan APMC,Spices,Ajwan,Other,FAQ,"4,050.00","12,050.00","10,800.00",Rs./Quintal,7.04,Metric Tonnes,16-01-2026
Gujarat,Patan,Patan APMC,Spices,Ajwan,Other,FAQ,"6,000.00","10,950.00","10,500.00",Rs./Quintal,8.20,Metric Tonnes,15-12-2025
Gujarat,Patan,Patan APMC,Spices,Ajwan,Other,FAQ,"5,000.00","12,500.00","11,500.00",Rs./Quintal,15.40,Metric Tonnes,15-11-2025
Gujarat,Patan,Patan APMC,Spices,Ajwan,Other,FAQ,"4,000.00","11,430.00","10,650.00",Rs./Quintal,1.82,Metric Tonnes,15-01-2026
Gujarat,Patan,Patan APMC,Spices,Ajwan,Other,FAQ,"4,500.00","11,500.00","11,000.00",Rs./Quintal,31.63,Metric Tonnes,14-11-2025
Gujarat,Patan,Patan APMC,Spices,Ajwan,Other,FAQ,"6,000.00","12,000.00","11,600.00",Rs./Quintal,12.27,Metric Tonnes,13-12-2025
Gujarat,Patan,Patan APMC,Spices,Ajwan,Other,FAQ,"4,000.00","12,200.00","10,500.00",Rs./Quintal,29.48,Metric Tonnes,13-11-2025
Gujarat,Patan,Patan APMC,Spices,Ajwan,Other,FAQ,"5,000.00","11,250.00","10,800.00",Rs./Quintal,11.33,Metric Tonnes,13-01-2026
Gujarat,Patan,Patan APMC,Spices,Ajwan,Other,FAQ,"5,000.00","12,150.00","11,700.00",Rs./Quintal,10.18,Metric Tonnes,12-12-2025
Gujarat,Patan,Patan APMC,Spices,Ajwan,Other,FAQ,"6,000.00","13,440.00","12,000.00",Rs./Quintal,25.80,Metric Tonnes,12-11-2025
Gujarat,Patan,Patan APMC,Spices,Ajwan,Other,FAQ,"4,000.00","12,500.00","11,000.00",Rs./Quintal,3.58,Metric Tonnes,12-01-2026
Gujarat,Patan,Patan APMC,Spices,Ajwan,Other,FAQ,"5,000.00","12,125.00","11,800.00",Rs./Quintal,11.33,Metric Tonnes,11-12-2025
Gujarat,Patan,Patan APMC,Spices,Ajwan,Other,FAQ,"4,000.00","11,260.00","10,600.00",Rs./Quintal,38.72,Metric Tonnes,11-11-2025
Gujarat,Patan,Patan APMC,Spices,Ajwan,Other,FAQ,"5,000.00","12,330.00","11,950.00",Rs./Quintal,9.46,Metric Tonnes,10-12-2025
Gujarat,Patan,Patan APMC,Spices,Ajwan,Other,FAQ,"4,250.00","11,665.00","10,600.00",Rs./Quintal,24.48,Metric Tonnes,10-11-2025
Gujarat,Patan,Patan APMC,Spices,Ajwan,Other,FAQ,"5,000.00","11,650.00","10,700.00",Rs./Quintal,7.04,Metric Tonnes,10-01-2026
Gujarat,Patan,Patan APMC,Spices,Ajwan,Other,FAQ,"5,000.00","13,000.00","12,100.00",Rs./Quintal,9.19,Metric Tonnes,09-12-2025
Gujarat,Patan,Patan APMC,Spices,Ajwan,Other,FAQ,"5,000.00","10,620.00","10,000.00",Rs./Quintal,6.44,Metric Tonnes,09-01-2026
Gujarat,Patan,Patan APMC,Spices,Ajwan,Other,FAQ,"5,000.00","10,500.00","10,000.00",Rs./Quintal,6.93,Metric Tonnes,08-01-2026
Gujarat,Patan,Patan APMC,Spices,Ajwan,Other,FAQ,"4,000.00","12,000.00","11,000.00",Rs./Quintal,26.02,Metric Tonnes,07-11-2025
Gujarat,Patan,Patan APMC,Spices,Ajwan,Other,FAQ,"6,250.00","11,825.00","10,850.00",Rs./Quintal,9.52,Metric Tonnes,07-01-2026
Gujarat,Patan,Patan APMC,Spices,Ajwan,Other,FAQ,"5,000.00","11,200.00","10,500.00",Rs./Quintal,15.24,Metric Tonnes,06-12-2025
Gujarat,Patan,Patan APMC,Spices,Ajwan,Other,FAQ,"4,000.00","11,000.00","10,500.00",Rs./Quintal,7.70,Metric Tonnes,06-02-2026
Gujarat,Patan,Patan APMC,Spices,Ajwan,Other,FAQ,"6,000.00","11,755.00","11,000.00",Rs./Quintal,6.88,Metric Tonnes,06-01-2026
Gujarat,Patan,Patan APMC,Spices,Ajwan,Other,FAQ,"5,000.00","12,110.00","12,000.00",Rs./Quintal,15.07,Metric Tonnes,05-12-2025
Gujarat,Patan,Patan APMC,Spices,Ajwan,Other,FAQ,"4,000.00","12,125.00","10,500.00",Rs./Quintal,1.54,Metric Tonnes,05-02-2026
Gujarat,Patan,Patan APMC,Spices,Ajwan,Other,FAQ,"6,250.00","13,405.00","11,800.00",Rs./Quintal,10.67,Metric Tonnes,05-01-2026
Gujarat,Patan,Patan APMC,Spices,Ajwan,Other,FAQ,"5,000.00","11,650.00","11,000.00",Rs./Quintal,13.64,Metric Tonnes,04-12-2025
Gujarat,Patan,Patan APMC,Spices,Ajwan,Other,FAQ,"5,500.00","11,855.00","10,800.00",Rs./Quintal,5.50,Metric Tonnes,04-02-2026
Gujarat,Patan,Patan APMC,Spices,Ajwan,Other,FAQ,"6,250.00","12,705.00","12,400.00",Rs./Quintal,15.62,Metric Tonnes,03-12-2025
Gujarat,Patan,Patan APMC,Spices,Ajwan,Other,FAQ,"6,000.00","11,000.00","10,550.00",Rs./Quintal,3.47,Metric Tonnes,03-02-2026
Gujarat,Patan,Patan APMC,Spices,Ajwan,Other,FAQ,"6,250.00","11,475.00","11,200.00",Rs./Quintal,6.27,Metric Tonnes,03-01-2026
Gujarat,Patan,Patan APMC,Spices,Ajwan,Other,FAQ,"6,000.00","14,000.00","12,500.00",Rs./Quintal,17.16,Metric Tonnes,02-12-2025
Gujarat,Patan,Patan APMC,Spices,Ajwan,Other,FAQ,"5,750.00","11,005.00","10,600.00",Rs./Quintal,4.02,Metric Tonnes,02-02-2026
Gujarat,Patan,Patan APMC,Spices,Ajwan,Other,FAQ,"6,000.00","10,855.00","10,000.00",Rs./Quintal,5.17,Metric Tonnes,02-01-2026
Gujarat,Patan,Patan APMC,Spices,Ajwan,Other,FAQ,"5,000.00","14,000.00","12,800.00",Rs./Quintal,22.66,Metric Tonnes,01-12-2025
Gujarat,Patan,Patan APMC,Spices,Ajwan,Other,FAQ,"5,000.00","13,830.00","12,000.00",Rs./Quintal,5.72,Metric Tonnes,01-01-2026
Gujarat,Patan,Radhanpur APMC,Spices,Ajwan,Other,Local,"6,605.00","11,925.00","9,500.00",Rs./Quintal,8.00,Metric Tonnes,31-12-2025
Gujarat,Patan,Radhanpur APMC,Spices,Ajwan,Other,Local,"6,725.00","14,500.00","10,000.00",Rs./Quintal,30.00,Metric Tonnes,31-01-2026
Gujarat,Patan,Radhanpur APMC,Spices,Ajwan,Other,Local,"6,725.00","12,100.00","10,000.00",Rs./Quintal,19.00,Metric Tonnes,30-12-2025
Gujarat,Patan,Radhanpur APMC,Spices,Ajwan,Other,Local,"6,755.00","12,450.00","9,750.00",Rs./Quintal,7.00,Metric Tonnes,30-01-2026
Gujarat,Patan,Radhanpur APMC,Spices,Ajwan,Other,Local,"6,145.00","11,925.00","9,500.00",Rs./Quintal,14.00,Metric Tonnes,29-12-2025
Gujarat,Patan,Radhanpur APMC,Spices,Ajwan,Other,Local,"6,625.00","14,300.00","10,500.00",Rs./Quintal,80.00,Metric Tonnes,28-11-2025
Gujarat,Patan,Radhanpur APMC,Spices,Ajwan,Other,Local,"7,175.00","14,550.00","10,750.00",Rs./Quintal,19.00,Metric Tonnes,28-01-2026
Gujarat,Patan,Radhanpur APMC,Spices,Ajwan,Other,Local,"6,655.00","11,500.00","9,500.00",Rs./Quintal,23.00,Metric Tonnes,27-12-2025
Gujarat,Patan,Radhanpur APMC,Spices,Ajwan,Other,Local,"6,400.00","12,750.00","10,000.00",Rs./Quintal,70.00,Metric Tonnes,27-11-2025
Gujarat,Patan,Radhanpur APMC,Spices,Ajwan,Other,Local,"6,525.00","11,300.00","9,750.00",Rs./Quintal,13.00,Metric Tonnes,26-12-2025
Gujarat,Patan,Radhanpur APMC,Spices,Ajwan,Other,Local,"6,155.00","13,500.00","10,500.00",Rs./Quintal,76.00,Metric Tonnes,26-11-2025
Gujarat,Patan,Radhanpur APMC,Spices,Ajwan,Other,Local,"6,330.00","11,750.00","10,000.00",Rs./Quintal,14.00,Metric Tonnes,25-12-2025
Gujarat,Patan,Radhanpur APMC,Spices,Ajwan,Other,Local,"6,805.00","14,000.00","10,750.00",Rs./Quintal,60.00,Metric Tonnes,25-11-2025
Gujarat,Patan,Radhanpur APMC,Spices,Ajwan,Other,Local,"6,810.00","13,500.00","10,500.00",Rs./Quintal,17.00,Metric Tonnes,24-12-2025
Gujarat,Patan,Radhanpur APMC,Spices,Ajwan,Other,Local,"6,255.00","13,650.00","10,500.00",Rs./Quintal,45.00,Metric Tonnes,24-11-2025
Gujarat,Patan,Radhanpur APMC,Spices,Ajwan,Other,Local,"6,255.00","12,500.00","10,000.00",Rs./Quintal,14.00,Metric Tonnes,24-01-2026
Gujarat,Patan,Radhanpur APMC,Spices,Ajwan,Other,Local,"6,725.00","13,950.00","10,500.00",Rs./Quintal,19.00,Metric Tonnes,23-12-2025
Gujarat,Patan,Radhanpur APMC,Spices,Ajwan,Other,Local,"6,430.00","11,750.00","10,000.00",Rs./Quintal,29.00,Metric Tonnes,22-12-2025
Gujarat,Patan,Radhanpur APMC,Spices,Ajwan,Other,Local,"6,350.00","15,005.00","11,000.00",Rs./Quintal,188.00,Metric Tonnes,22-11-2025
Gujarat,Patan,Radhanpur APMC,Spices,Ajwan,Other,Local,"6,135.00","14,050.00","10,500.00",Rs./Quintal,128.00,Metric Tonnes,21-11-2025
Gujarat,Patan,Radhanpur APMC,Spices,Ajwan,Other,Local,"6,315.00","12,500.00","10,000.00",Rs./Quintal,31.00,Metric Tonnes,21-01-2026
Gujarat,Patan,Radhanpur APMC,Spices,Ajwan,Other,Local,"6,415.00","12,500.00","10,000.00",Rs./Quintal,68.00,Metric Tonnes,20-12-2025
Gujarat,Patan,Radhanpur APMC,Spices,Ajwan,Other,Local,"6,775.00","14,000.00","10,750.00",Rs./Quintal,105.00,Metric Tonnes,20-11-2025
Gujarat,Patan,Radhanpur APMC,Spices,Ajwan,Other,Local,"6,780.00","12,500.00","10,000.00",Rs./Quintal,47.00,Metric Tonnes,19-12-2025
Gujarat,Patan,Radhanpur APMC,Spices,Ajwan,Other,Local,"7,125.00","15,005.00","11,000.00",Rs./Quintal,128.00,Metric Tonnes,19-11-2025
Gujarat,Patan,Radhanpur APMC,Spices,Ajwan,Other,Local,"6,805.00","9,750.00","8,250.00",Rs./Quintal,34.00,Metric Tonnes,19-01-2026
Gujarat,Patan,Radhanpur APMC,Spices,Ajwan,Other,Local,"6,625.00","12,500.00","10,000.00",Rs./Quintal,68.00,Metric Tonnes,18-12-2025
Gujarat,Patan,Radhanpur APMC,Spices,Ajwan,Other,Local,"6,805.00","13,250.00","10,500.00",Rs./Quintal,185.00,Metric Tonnes,18-11-2025
Gujarat,Patan,Radhanpur APMC,Spices,Ajwan,Other,Local,"6,725.00","15,005.00","10,500.00",Rs./Quintal,11.00,Metric Tonnes,17-01-2026
Gujarat,Patan,Radhanpur APMC,Spices,Ajwan,Other,Local,"6,635.00","14,000.00","10,000.00",Rs./Quintal,44.00,Metric Tonnes,16-12-2025
Gujarat,Patan,Radhanpur APMC,Spices,Ajwan,Other,Local,"6,135.00","12,005.00","9,750.00",Rs./Quintal,25.00,Metric Tonnes,15-12-2025
Gujarat,Patan,Radhanpur APMC,Spices,Ajwan,Other,Local,"6,675.00","15,505.00","11,250.00",Rs./Quintal,172.00,Metric Tonnes,15-11-2025
Gujarat,Patan,Radhanpur APMC,Spices,Ajwan,Other,Local,"6,675.00","13,200.00","10,000.00",Rs./Quintal,4.00,Metric Tonnes,15-01-2026
Gujarat,Patan,Radhanpur APMC,Spices,Ajwan,Other,Local,"6,820.00","14,000.00","10,750.00",Rs./Quintal,120.00,Metric Tonnes,14-11-2025
Gujarat,Patan,Radhanpur APMC,Spices,Ajwan,Other,Local,"6,155.00","12,555.00","10,000.00",Rs./Quintal,38.00,Metric Tonnes,13-12-2025
Gujarat,Patan,Radhanpur APMC,Spices,Ajwan,Other,Local,"5,860.00","14,750.00","11,000.00",Rs./Quintal,136.00,Metric Tonnes,13-11-2025
Gujarat,Patan,Radhanpur APMC,Spices,Ajwan,Other,Local,"6,275.00","13,250.00","9,500.00",Rs./Quintal,6.00,Metric Tonnes,13-01-2026
Gujarat,Patan,Radhanpur APMC,Spices,Ajwan,Other,Local,"6,910.00","13,500.00","10,750.00",Rs./Quintal,52.00,Metric Tonnes,12-12-2025
Gujarat,Patan,Radhanpur APMC,Spices,Ajwan,Other,Local,"6,725.00","14,150.00","10,750.00",Rs./Quintal,177.00,Metric Tonnes,12-11-2025
Gujarat,Patan,Radhanpur APMC,Spices,Ajwan,Other,Local,"6,755.00","16,000.00","10,500.00",Rs./Quintal,6.00,Metric Tonnes,12-01-2026
Gujarat,Patan,Radhanpur APMC,Spices,Ajwan,Other,Local,"5,785.00","8,450.00","7,500.00",Rs./Quintal,30.00,Metric Tonnes,11-12-2025
Gujarat,Patan,Radhanpur APMC,Spices,Ajwan,Other,Local,"6,355.00","13,650.00","10,500.00",Rs./Quintal,23.50,Metric Tonnes,11-11-2025
Gujarat,Patan,Radhanpur APMC,Spices,Ajwan,Other,Local,"6,675.00","13,250.00","10,500.00",Rs./Quintal,42.00,Metric Tonnes,10-12-2025
Gujarat,Patan,Radhanpur APMC,Spices,Ajwan,Other,Local,"7,105.00","14,250.00","10,500.00",Rs./Quintal,6.00,Metric Tonnes,10-01-2026
Gujarat,Patan,Radhanpur APMC,Spices,Ajwan,Other,Local,"6,105.00","12,750.00","10,000.00",Rs./Quintal,63.00,Metric Tonnes,09-12-2025
Gujarat,Patan,Radhanpur APMC,Spices,Ajwan,Other,Local,"6,655.00","12,255.00","9,500.00",Rs./Quintal,29.00,Metric Tonnes,09-01-2026
Gujarat,Patan,Radhanpur APMC,Spices,Ajwan,Other,Local,"6,625.00","13,000.00","10,000.00",Rs./Quintal,52.00,Metric Tonnes,08-12-2025
Gujarat,Patan,Radhanpur APMC,Spices,Ajwan,Other,Local,"6,325.00","14,005.00","10,250.00",Rs./Quintal,52.00,Metric Tonnes,08-01-2026
Gujarat,Patan,Radhanpur APMC,Spices,Ajwan,Other,Local,"6,175.00","11,925.00","9,500.00",Rs./Quintal,11.00,Metric Tonnes,07-02-2026
Gujarat,Patan,Radhanpur APMC,Spices,Ajwan,Other,Local,"6,655.00","14,005.00","10,500.00",Rs./Quintal,10.00,Metric Tonnes,07-01-2026
Gujarat,Patan,Radhanpur APMC,Spices,Ajwan,Other,Local,"6,625.00","12,250.00","9,500.00",Rs./Quintal,12.00,Metric Tonnes,06-02-2026
Gujarat,Patan,Radhanpur APMC,Spices,Ajwan,Other,Local,"6,525.00","13,200.00","10,000.00",Rs./Quintal,37.00,Metric Tonnes,06-01-2026
Gujarat,Patan,Radhanpur APMC,Spices,Ajwan,Other,Local,"6,150.00","13,000.00","10,500.00",Rs./Quintal,70.00,Metric Tonnes,05-12-2025
Gujarat,Patan,Radhanpur APMC,Spices,Ajwan,Other,Local,"6,825.00","13,500.00","9,750.00",Rs./Quintal,8.00,Metric Tonnes,05-02-2026
Gujarat,Patan,Radhanpur APMC,Spices,Ajwan,Other,Local,"6,155.00","11,750.00","9,400.00",Rs./Quintal,25.00,Metric Tonnes,05-01-2026
Gujarat,Patan,Radhanpur APMC,Spices,Ajwan,Other,Local,"6,205.00","12,000.00","9,500.00",Rs./Quintal,11.00,Metric Tonnes,04-02-2026
Gujarat,Patan,Radhanpur APMC,Spices,Ajwan,Other,Local,"6,775.00","14,505.00","10,750.00",Rs./Quintal,71.00,Metric Tonnes,03-12-2025
Gujarat,Patan,Radhanpur APMC,Spices,Ajwan,Other,Local,"6,600.00","14,500.00","10,750.00",Rs./Quintal,46.00,Metric Tonnes,03-02-2026
Gujarat,Patan,Radhanpur APMC,Spices,Ajwan,Other,Local,"6,630.00","13,750.00","10,500.00",Rs./Quintal,46.00,Metric Tonnes,02-12-2025
Gujarat,Patan,Radhanpur APMC,Spices,Ajwan,Other,Local,"6,175.00","12,750.00","9,750.00",Rs./Quintal,34.00,Metric Tonnes,02-02-2026
Gujarat,Patan,Radhanpur APMC,Spices,Ajwan,Other,Local,"6,375.00","12,505.00","10,000.00",Rs./Quintal,79.00,Metric Tonnes,01-12-2025
Gujarat,Patan,Radhanpur APMC,Spices,Ajwan,Other,Local,"6,670.00","13,250.00","10,000.00",Rs./Quintal,26.00,Metric Tonnes,01-01-2026
Gujarat,Patan,Sami APMC,Spices,Ajwan,Ajwan,Local,"6,000.00","7,250.00","6,500.00",Rs./Quintal,0.40,Metric Tonnes,30-12-2025
Gujarat,Patan,Sami APMC,Spices,Ajwan,Ajwan,Local,"8,500.00","9,500.00","9,000.00",Rs./Quintal,0.16,Metric Tonnes,28-11-2025
Gujarat,Patan,Sami APMC,Spices,Ajwan,Ajwan,Local,"7,500.00","12,500.00","11,750.00",Rs./Quintal,0.28,Metric Tonnes,27-11-2025
Gujarat,Patan,Sami APMC,Spices,Ajwan,Ajwan,Local,"6,500.00","8,000.00","7,500.00",Rs./Quintal,0.12,Metric Tonnes,26-11-2025
Gujarat,Patan,Sami APMC,Spices,Ajwan,Ajwan,Local,"8,500.00","9,500.00","9,000.00",Rs./Quintal,1.00,Metric Tonnes,25-11-2025
Gujarat,Patan,Sami APMC,Spices,Ajwan,Ajwan,Local,"4,500.00","5,250.00","5,125.00",Rs./Quintal,0.11,Metric Tonnes,24-12-2025
Gujarat,Patan,Sami APMC,Spices,Ajwan,Ajwan,Local,"6,500.00","7,750.00","7,500.00",Rs./Quintal,0.04,Metric Tonnes,21-11-2025
Gujarat,Patan,Sami APMC,Spices,Ajwan,Ajwan,Local,"7,500.00","8,000.00","7,750.00",Rs./Quintal,0.04,Metric Tonnes,20-11-2025
Gujarat,Patan,Sami APMC,Spices,Ajwan,Ajwan,Local,"6,000.00","11,000.00","9,000.00",Rs./Quintal,0.12,Metric Tonnes,19-11-2025
Gujarat,Patan,Sami APMC,Spices,Ajwan,Ajwan,Local,"10,000.00","12,255.00","11,000.00",Rs./Quintal,0.20,Metric Tonnes,18-11-2025
Gujarat,Patan,Sami APMC,Spices,Ajwan,Ajwan,Local,"6,500.00","7,250.00","7,000.00",Rs./Quintal,0.10,Metric Tonnes,15-01-2026
Gujarat,Patan,Sami APMC,Spices,Ajwan,Ajwan,Local,"10,000.00","11,850.00","11,000.00",Rs./Quintal,0.08,Metric Tonnes,14-11-2025
Gujarat,Patan,Sami APMC,Spices,Ajwan,Ajwan,Local,"10,000.00","11,500.00","11,000.00",Rs./Quintal,0.04,Metric Tonnes,12-11-2025
Gujarat,Patan,Sami APMC,Spices,Ajwan,Ajwan,Local,"10,000.00","11,525.00","11,000.00",Rs./Quintal,0.04,Metric Tonnes,10-11-2025
Gujarat,Porbandar,Porbandar APMC,Spices,Ajwan,Ajwan,Local,"8,300.00","8,300.00","8,300.00",Rs./Quintal,0.20,Metric Tonnes,28-01-2026
Gujarat,Porbandar,Porbandar APMC,Spices,Ajwan,Ajwan,FAQ,"7,700.00","7,700.00","7,700.00",Rs./Quintal,0.10,Metric Tonnes,26-12-2025
Gujarat,Porbandar,Porbandar APMC,Spices,Ajwan,Ajwan,Local,"6,850.00","6,850.00","6,850.00",Rs./Quintal,0.10,Metric Tonnes,20-01-2026
Gujarat,Porbandar,Porbandar APMC,Spices,Ajwan,Ajwan,Local,"7,450.00","7,450.00","7,450.00",Rs./Quintal,0.10,Metric Tonnes,16-01-2026
Gujarat,Surendranagar,Dasada Patadi APMC,Spices,Ajwan,Ajwan,FAQ,"7,750.00","10,250.00","9,750.00",Rs./Quintal,1.20,Metric Tonnes,18-12-2025
Gujarat,Surendranagar,Dasada Patadi APMC,Spices,Ajwan,Ajwan,Local,"5,000.00","10,865.00","8,500.00",Rs./Quintal,1.70,Metric Tonnes,17-12-2025
Gujarat,Surendranagar,Dasada Patadi APMC,Spices,Ajwan,Ajwan,Local,"8,750.00","10,785.00","10,000.00",Rs./Quintal,0.20,Metric Tonnes,13-11-2025
Gujarat,Surendranagar,Dasada Patadi APMC,Spices,Ajwan,Ajwan,FAQ,"9,500.00","10,750.00","10,250.00",Rs./Quintal,0.12,Metric Tonnes,10-11-2025
Gujarat,Surendranagar,Dasada Patadi APMC,Spices,Ajwan,Ajwan,FAQ,"10,000.00","12,005.00","11,500.00",Rs./Quintal,0.10,Metric Tonnes,04-12-2025
Gujarat,Surendranagar,Dhragradhra APMC,Spices,Ajwan,Ajwan,Local,"5,460.00","5,460.00","5,460.00",Rs./Quintal,0.04,Metric Tonnes,31-12-2025
Gujarat,Surendranagar,Dhragradhra APMC,Spices,Ajwan,Ajwan,Local,"7,205.00","8,505.00","8,000.00",Rs./Quintal,0.20,Metric Tonnes,29-12-2025
Gujarat,Surendranagar,Dhragradhra APMC,Spices,Ajwan,Ajwan,Local,"7,520.00","7,520.00","7,520.00",Rs./Quintal,0.10,Metric Tonnes,29-11-2025
Gujarat,Surendranagar,Dhragradhra APMC,Spices,Ajwan,Ajwan,Local,"4,500.00","4,500.00","4,500.00",Rs./Quintal,0.04,Metric Tonnes,29-01-2026
Gujarat,Surendranagar,Dhragradhra APMC,Spices,Ajwan,Ajwan,Local,"7,040.00","8,375.00","7,750.00",Rs./Quintal,0.40,Metric Tonnes,28-11-2025
Gujarat,Surendranagar,Dhragradhra APMC,Spices,Ajwan,Ajwan,Local,"5,675.00","8,500.00","7,250.00",Rs./Quintal,0.20,Metric Tonnes,27-12-2025
Gujarat,Surendranagar,Dhragradhra APMC,Spices,Ajwan,Ajwan,Local,"8,500.00","9,000.00","8,750.00",Rs./Quintal,0.10,Metric Tonnes,27-01-2026
Gujarat,Surendranagar,Dhragradhra APMC,Spices,Ajwan,Ajwan,Local,"5,125.00","6,050.00","5,750.00",Rs./Quintal,0.20,Metric Tonnes,24-11-2025
Gujarat,Surendranagar,Dhragradhra APMC,Spices,Ajwan,Ajwan,Local,"5,000.00","7,825.00","7,000.00",Rs./Quintal,0.30,Metric Tonnes,24-01-2026
Gujarat,Surendranagar,Dhragradhra APMC,Spices,Ajwan,Ajwan,Local,"6,675.00","6,675.00","6,675.00",Rs./Quintal,0.02,Metric Tonnes,23-12-2025
Gujarat,Surendranagar,Dhragradhra APMC,Spices,Ajwan,Ajwan,Local,"6,975.00","7,160.00","7,050.00",Rs./Quintal,0.20,Metric Tonnes,22-12-2025
Gujarat,Surendranagar,Dhragradhra APMC,Spices,Ajwan,Ajwan,Local,"6,500.00","6,755.00","6,625.00",Rs./Quintal,0.20,Metric Tonnes,21-01-2026
Gujarat,Surendranagar,Dhragradhra APMC,Spices,Ajwan,Ajwan,Local,"7,005.00","7,005.00","7,005.00",Rs./Quintal,0.02,Metric Tonnes,20-01-2026
Gujarat,Surendranagar,Dhragradhra APMC,Spices,Ajwan,Ajwan,Local,"4,000.00","7,525.00","7,000.00",Rs./Quintal,0.12,Metric Tonnes,19-01-2026
Gujarat,Surendranagar,Dhragradhra APMC,Spices,Ajwan,Ajwan,Local,"7,505.00","7,505.00","7,505.00",Rs./Quintal,0.02,Metric Tonnes,18-12-2025
Gujarat,Surendranagar,Dhragradhra APMC,Spices,Ajwan,Ajwan,Local,"8,125.00","8,125.00","8,125.00",Rs./Quintal,0.02,Metric Tonnes,17-01-2026
Gujarat,Surendranagar,Dhragradhra APMC,Spices,Ajwan,Ajwan,Local,"7,175.00","8,575.00","8,000.00",Rs./Quintal,0.04,Metric Tonnes,16-01-2026
Gujarat,Surendranagar,Dhragradhra APMC,Spices,Ajwan,Ajwan,Local,"7,105.00","7,105.00","7,105.00",Rs./Quintal,0.04,Metric Tonnes,15-12-2025
Gujarat,Surendranagar,Dhragradhra APMC,Spices,Ajwan,Ajwan,Local,"7,000.00","7,000.00","7,000.00",Rs./Quintal,0.02,Metric Tonnes,13-12-2025
Gujarat,Surendranagar,Dhragradhra APMC,Spices,Ajwan,Ajwan,Local,"7,625.00","7,625.00","7,625.00",Rs./Quintal,0.10,Metric Tonnes,13-01-2026
Gujarat,Surendranagar,Dhragradhra APMC,Spices,Ajwan,Ajwan,Local,"6,575.00","6,575.00","6,575.00",Rs./Quintal,0.10,Metric Tonnes,12-12-2025
Gujarat,Surendranagar,Dhragradhra APMC,Spices,Ajwan,Ajwan,Local,"7,925.00","7,925.00","7,925.00",Rs./Quintal,0.02,Metric Tonnes,07-01-2026
Gujarat,Surendranagar,Dhragradhra APMC,Spices,Ajwan,Ajwan,Local,"4,625.00","8,125.00","7,500.00",Rs./Quintal,0.40,Metric Tonnes,06-01-2026
Gujarat,Surendranagar,Dhragradhra APMC,Spices,Ajwan,Ajwan,Local,"6,525.00","9,000.00","8,000.00",Rs./Quintal,0.30,Metric Tonnes,04-12-2025
Gujarat,Surendranagar,Dhragradhra APMC,Spices,Ajwan,Ajwan,Local,"6,000.00","6,000.00","6,000.00",Rs./Quintal,0.04,Metric Tonnes,03-12-2025
Gujarat,Surendranagar,Dhragradhra APMC,Spices,Ajwan,Ajwan,Local,"5,950.00","8,975.00","7,000.00",Rs./Quintal,0.10,Metric Tonnes,03-01-2026
Gujarat,Surendranagar,Dhragradhra APMC,Spices,Ajwan,Ajwan,Local,"7,725.00","7,725.00","7,725.00",Rs./Quintal,0.60,Metric Tonnes,02-02-2026
Gujarat,Surendranagar,Dhragradhra APMC,Spices,Ajwan,Ajwan,Local,"6,175.00","8,000.00","7,000.00",Rs./Quintal,0.20,Metric Tonnes,02-01-2026
Gujarat,Surendranagar,Dhragradhra APMC,Spices,Ajwan,Ajwan,Local,"7,075.00","7,075.00","7,075.00",Rs./Quintal,0.04,Metric Tonnes,01-01-2026

